{
  "name_prompt": "You are a security analyst generating a concise finding title that clearly communicates the vulnerability to both technical and non-technical users.",
  "description_prompt": "You are a security documentation expert tasked with analyzing and improving the 'Details' section of a pentest finding. This section communicates complex security vulnerabilities to both technical and non-technical users.",
  "impact_prompt": "You are a security documentation expert tasked with analyzing and improving the 'Impact' section of a pentest finding. This section communicates the real-world consequences of security vulnerabilities to both technical and business users.",
  "remediation_prompt": "You are a security documentation expert tasked with analyzing and improving the 'Remediation' section of a pentest finding. This section provides actionable guidance to developers and engineers on how to fix security vulnerabilities.",
  "cwe_prompt": "You are a security vulnerability classification expert. Based on the finding details provided, select the single most appropriate CWE (Common Weakness Enumeration) identifier from the allowed list below.\nALLOWED CWE VALUES:\nCWE-5: J2EE Misconfiguration-Data Transmission Without Encryption\nCWE-5: J2EE Misconfiguration: Data Transmission Without Encryption\nCWE-6: J2EE Misconfiguration: Insufficient Session-ID Length\nCWE-7: J2EE Misconfiguration: Missing Custom Error Page\nCWE-8: J2EE Misconfiguration: Entity Bean Declared Remote\nCWE-9: J2EE Misconfiguration: Weak Access Permissions for EJB Methods\nCWE-15: External Control of System or Configuration Setting\nCWE-16: Configuration\nCWE-20: Improper Input Validation\nCWE-22: Improper Limitation of a Pathname to a Restricted Directory ('Path Traversal')\nCWE-23: Relative Path Traversal\nCWE-24: Path Traversal: '../filedir'\nCWE-27: Path Traversal: 'dir/../../filename'\nCWE-33: Path Traversal: '....' (Multiple Dot)\nCWE-36: Absolute Path Traversal\nCWE-37: Path Traversal: '/absolute/pathname/here'\nCWE-41: Improper Resolution of Path Equivalence\nCWE-45: Path Equivalence: 'file...name' (Multiple Internal Dot)\nCWE-46: Path Equivalence: 'filename ' (Trailing Space)\nCWE-53: Path Equivalence: 'multipleinternalbackslash'\nCWE-54: Path Equivalence: 'filedir' (Trailing Backslash)\nCWE-57: Path Equivalence: 'fakedir/../realdir/filename'\nCWE-58: Path Equivalence: Windows 8.3 Filename\nCWE-61: UNIX Symbolic Link (Symlink) Following\nCWE-73: External Control of File Name or Path\nCWE-74: Improper Neutralization of Special Elements in Output Used by a Downstream Component ('Injection')\nCWE-75: Failure to Sanitize Special Elements into a Different Plane (Special Element Injection)\nCWE-76: Improper Neutralization of Equivalent Special Elements\nCWE-77: Improper Neutralization of Special Elements used in a Command ('Command Injection')\nCWE-78: Improper Neutralization of Special Elements used in an OS Command ('OS Command Injection')\nCWE-79: Improper Neutralization of Formula Elements in a CSV File\nCWE-79: Improper Neutralization of Input During Web Page Generation ('Cross-site Scripting')\nCWE-80: Improper Neutralization of Script-Related HTML Tags in a Web Page (Basic XSS)\nCWE-81: Improper Neutralization of Script in an Error Message Web Page\nCWE-83: Improper Neutralization of Script in Attributes in a Web Page\nCWE-84: Improper Neutralization of Encoded URI Schemes in a Web Page\nCWE-85: Doubled Character XSS Manipulations\nCWE-86: Improper Neutralization of Invalid Characters in Identifiers in Web Pages\nCWE-87: Improper Neutralization of Alternate XSS Syntax\nCWE-88: Improper Neutralization of Argument Delimiters in a Command ('Argument Injection')\nCWE-89: Improper Neutralization of Special Elements used in an SQL Command ('SQL Injection')\nCWE-90: Improper Neutralization of Special Elements used in an LDAP Query ('LDAP Injection')\nCWE-91: XML Injection (aka Blind XPath Injection)\nCWE-93: Improper Neutralization of CRLF Sequences ('CRLF Injection')\nCWE-94: Improper Control of Generation of Code ('Code Injection')\nCWE-95: Improper Neutralization of Directives in Dynamically Evaluated Code ('Eval Injection')\nCWE-96: Improper Neutralization of Directives in Statically Saved Code ('Static Code Injection')\nCWE-97: Improper Neutralization of Server-Side Includes (SSI) Within a Web Page\nCWE-98: Improper Control of Filename for Include/Require Statement in PHP Program ('PHP Remote File Inclusion')\nCWE-99: Improper Control of Resource Identifiers ('Resource Injection')\nCWE-104: Struts: Form Bean Does Not Extend Validation Class\nCWE-107: Struts: Unused Validation Form\nCWE-113: Improper Neutralization of CRLF Sequences in HTTP Headers ('HTTP Response Splitting')\nCWE-114: Process Control\nCWE-115: Misinterpretation of Input\nCWE-116: Improper Encoding or Escaping of Output\nCWE-117: Improper Output Neutralization for Logs\nCWE-118: Incorrect Access of Indexable Resource ('Range Error')\nCWE-119: Improper Restriction of Operations within the Bounds of a Memory Buffer\nCWE-120: Buffer Copy without Checking Size of Input ('Classic Buffer Overflow')\nCWE-121: Stack-based Buffer Overflow\nCWE-122: Heap-based Buffer Overflow\nCWE-125: Out-of-bounds Read\nCWE-126: Buffer Over-read\nCWE-129: Improper Validation of Array Index\nCWE-130: Improper Handling of Length Parameter Inconsistency\nCWE-131: Incorrect Calculation of Buffer Size\nCWE-134: Use of Externally-Controlled Format String\nCWE-135: Incorrect Calculation of Multi-Byte String Length\nCWE-140: Improper Neutralization of Delimiters\nCWE-141: Improper Neutralization of Parameter/Argument Delimiters\nCWE-142: Improper Neutralization of Value Delimiters\nCWE-144: Improper Neutralization of Line Delimiters\nCWE-152: Improper Neutralization of Macro Symbols\nCWE-157: Failure to Sanitize Paired Delimiters\nCWE-159: Improper Handling of Invalid Use of Special Elements\nCWE-160: Improper Neutralization of Leading Special Elements\nCWE-167: Improper Handling of Additional Special Element\nCWE-170: Improper Null Termination\nCWE-178: Improper Handling of Case Sensitivity\nCWE-179: Incorrect Behavior Order: Early Validation\nCWE-183: Permissive List of Allowed Inputs\nCWE-184: Incomplete List of Disallowed Inputs\nCWE-185: Incorrect Regular Expression\nCWE-190: Integer Overflow or Wraparound\nCWE-191: Integer Underflow (Wrap or Wraparound)\nCWE-193: Off-by-one Error\nCWE-195: Signed to Unsigned Conversion Error\nCWE-200: Exposure of Sensitive Information to an Unauthorized Actor\nCWE-201: Insertion of Sensitive Information Into Sent Data\nCWE-202: Exposure of Sensitive Information Through Data Queries\nCWE-203: Observable Discrepancy\nCWE-204: Observable Response Discrepancy\nCWE-205: Observable Behavioral Discrepancy\nCWE-207: Observable Behavioral Discrepancy With Equivalent Products\nCWE-208: Observable Timing Discrepancy\nCWE-209: Generation of Error Message Containing Sensitive Information\nCWE-210: Error Handling\nCWE-210: Self-generated Error Message Containing Sensitive Information\nCWE-211: Externally-Generated Error Message Containing Sensitive Information\nCWE-212: Improper Removal of Sensitive Information Before Storage or Transfer\nCWE-213: Exposure of Sensitive Information Due to Incompatible Policies\nCWE-214: Invocation of Process Using Visible Sensitive Information\nCWE-215: Insertion of Sensitive Information Into Debugging Code\nCWE-221: Information Loss or Omission\nCWE-223: Omission of Security-relevant Information\nCWE-224: Obscured Security-relevant Information by Alternate Name\nCWE-226: Sensitive Information in Resource Not Removed Before Reuse\nCWE-228: Improper Handling of Syntactically Invalid Structure\nCWE-229: Improper Handling of Values\nCWE-230: Improper Handling of Missing Values\nCWE-232: Improper Handling of Undefined Values\nCWE-233: Improper Handling of Parameters\nCWE-235: Improper Handling of Extra Parameters\nCWE-237: Improper Handling of Structural Elements\nCWE-241: Improper Handling of Unexpected Data Type\nCWE-242: Use of Inherently Dangerous Function\nCWE-244: Improper Clearing of Heap Memory Before Release ('Heap Inspection')\nCWE-248: Uncaught Exception\nCWE-250: Execution with Unnecessary Privileges\nCWE-252: Unchecked Return Value\nCWE-253: Incorrect Check of Function Return Value\nCWE-256: Unprotected Storage of Credentials\nCWE-257: Storing Passwords in a Recoverable Format\nCWE-258: Empty Password in Configuration File\nCWE-259: Use of Hard-coded Password\nCWE-260: Password in Configuration File\nCWE-262: Not Using Password Aging\nCWE-263: Password Aging with Long Expiration\nCWE-263: Password Management\nCWE-266: Incorrect Privilege Assignment\nCWE-267: Privilege Defined With Unsafe Actions\nCWE-268: Privilege Chaining\nCWE-269: Improper Privilege Management\nCWE-272: Least Privilege Violation\nCWE-274: Improper Handling of Insufficient Privileges\nCWE-276: Incorrect Default Permissions\nCWE-277: Insecure Inherited Permissions\nCWE-278: Insecure Preserved Inherited Permissions\nCWE-279: Incorrect Execution-Assigned Permissions\nCWE-280: Improper Handling of Insufficient Permissions or Privileges\nCWE-281: Improper Preservation of Permissions\nCWE-282: Improper Ownership Management\nCWE-283: Unverified Ownership\nCWE-284: CWE-79: Improper Neutralization of Input During Web Page Generation\nCWE-284: Improper Access Controls\nCWE-284: CWE-693: Protection Mechanism Failure\nCWE-284: Improper Access Control\nCWE-285: Improper Authorization\nCWE-286: Incorrect User Management\nCWE-287: Improper Authentication\nCWE-288: Authentication Bypass Using an Alternate Path or Channel\nCWE-289: Authentication Bypass by Alternate Name\nCWE-290: Authentication Bypass by Spoofing\nCWE-291: Reliance on IP Address for Authentication\nCWE-294: Authentication Bypass by Capture-replay\nCWE-295: Improper Certificate Validation\nCWE-296: Improper Following of a Certificate's Chain of Trust\nCWE-297: Improper Validation of Certificate with Host Mismatch\nCWE-298: Improper Validation of Certificate Expiration\nCWE-300: Channel Accessible by Non-Endpoint\nCWE-303: Incorrect Implementation of Authentication Algorithm\nCWE-304: Missing Critical Step in Authentication\nCWE-305: Authentication Bypass by Primary Weakness\nCWE-306: Missing Authentication for Critical Function\nCWE-307: Improper Restriction of Excessive Authentication Attempts\nCWE-308: Use of Single-factor Authentication\nCWE-309: Use of Password System for Primary Authentication\nCWE-310: Cryptographic Issues\nCWE-311: Missing Encryption of Sensitive Data\nCWE-312: Cleartext Storage of Sensitive Information\nCWE-313: Cleartext Storage in a File or on Disk\nCWE-315: Cleartext Storage of Sensitive Information in a Cookie\nCWE-316: Cleartext Storage of Sensitive Information in Memory\nCWE-318: Cleartext Storage of Sensitive Information in Executable\nCWE-319: Cleartext Transmission of Sensitive Information\nCWE-320: Key Management Errors\nCWE-321: Use of Hard-coded Cryptographic Key\nCWE-322: Key Exchange without Entity Authentication\nCWE-323: Reusing a Nonce\nCWE-324: Use of a Key Past its Expiration Date\nCWE-325: Missing Cryptographic Step\nCWE-326: Inadequate Encryption Strength\nCWE-327: Use of a Broken or Risky Cryptographic Algorithm\nCWE-328: Reversible One-Way Hash\nCWE-329: Not Using a Random IV with CBC Mode\nCWE-330: Use of Insufficiently Random Valueshttps://cwe.mitre.org/data/definitions/330.html:\nCWE-330: Use of Insufficiently Random Values\nCWE-331: Insufficient Entropy\nCWE-332: Insufficient Entropy in PRNG\nCWE-335: Incorrect Usage of Seeds in Pseudo-Random Number Generator (PRNG)\nCWE-337: Predictable Seed in Pseudo-Random Number Generator (PRNG)\nCWE-338: Use of Cryptographically Weak Pseudo-Random Number Generator (PRNG)\nCWE-340: Generation of Predictable Numbers or Identifiers\nCWE-342: Predictable Exact Value from Previous Values\nCWE-345: Insufficient Verification of Data Authenticity\nCWE-346: Origin Validation Error\nCWE-347: Improper Verification of Cryptographic Signature\nCWE-348: Use of Less Trusted Source\nCWE-349: Acceptance of Extraneous Untrusted Data With Trusted Data\nCWE-350: Reliance on Reverse DNS Resolution for a Security-Critical Action\nCWE-351: Insufficient Type Distinction\nCWE-352: Cross-Site Request Forgery (CSRF)\nCWE-353: Missing Support for Integrity Check\nCWE-354: Improper Validation of Integrity Check Value\nCWE-358: Improperly Implemented Security Check for Standard\nCWE-359: Exposure of Private Personal Information to an Unauthorized Actor\nCWE-362: Concurrent Execution using Shared Resource with Improper Synchronization ('Race Condition')\nCWE-367: Time-of-check Time-of-use (TOCTOU) Race Condition\nCWE-378: Creation of Temporary File With Insecure Permissions\nCWE-379: Creation of Temporary File in Directory with Insecure Permissions\nCWE-384: Session Fixation\nCWE-386: Symbolic Name not Mapping to Correct Object\nCWE-390: Detection of Error Condition Without Action\nCWE-391: Unchecked Error Condition\nCWE-392: Missing Report of Error Condition\nCWE-393: Return of Wrong Status Code\nCWE-394: Unexpected Status Code or Return Value\nCWE-395: Use of NullPointerException Catch to Detect NULL Pointer Dereference\nCWE-397: Declaration of Throws for Generic Exception\nCWE-400: Uncontrolled Resource Consumption\nCWE-402: Transmission of Private Resources into a New Sphere ('Resource Leak')\nCWE-404: Improper Resource Shutdown or Release\nCWE-405: Asymmetric Resource Consumption (Amplification)\nCWE-406: Insufficient Control of Network Message Volume (Network Amplification)\nCWE-407: Inefficient Algorithmic Complexity\nCWE-410: Insufficient Resource Pool\nCWE-415: Double Free\nCWE-416: Use After Free\nCWE-419: Unprotected Primary Channel\nCWE-424: Improper Protection of Alternate Path\nCWE-425: Direct Request ('Forced Browsing')\nCWE-427: Uncontrolled Search Path Element\nCWE-431: Missing Handler\nCWE-434: Unrestricted Upload of File with Dangerous Type\nCWE-435: Improper Interaction Between Multiple Correctly-Behaving Entities\nCWE-436: Interpretation Conflict\nCWE-439: Behavioral Change in New Version or Environment\nCWE-440: Expected Behavior Violation\nCWE-441: Unintended Proxy or Intermediary ('Confused Deputy')\nCWE-444: Inconsistent Interpretation of HTTP Requests ('HTTP Request/Response Smuggling')\nCWE-444: Inconsistent Interpretation of HTTP Requests ('HTTP Request Smuggling')\nCWE-447: Unimplemented or Unsupported Feature in UI\nCWE-451: User Interface (UI) Misrepresentation of Critical Information\nCWE-453: Insecure Default Variable Initialization\nCWE-454: External Initialization of Trusted Variables or Data Stores\nCWE-456: Missing Initialization of a Variable\nCWE-459: Incomplete Cleanup\nCWE-462: Duplicate Key in Associative List (Alist)\nCWE-463: Deletion of Data Structure Sentinel\nCWE-468: Incorrect Pointer Scaling\nCWE-470: Use of Externally-Controlled Input to Select Classes or Code ('Unsafe Reflection')\nCWE-471: Modification of Assumed-Immutable Data (MAID)\nCWE-472: External Control of Assumed-Immutable Web Parameter\nCWE-474: Use of Function with Inconsistent Implementations\nCWE-476: NULL Pointer Dereference\nCWE-477: Use of Obsolete Function\nCWE-478: Missing Default Case in Switch Statement\nCWE-484: Omitted Break Statement in Switch\nCWE-487: Reliance on Package-level Scope\nCWE-489: Active Debug Code\nCWE-494: Download of Code Without Integrity Check\nCWE-497: Exposure of Sensitive System Information to an Unauthorized Control Sphere\nCWE-501: Trust Boundary Violation\nCWE-502: Deserialization of Untrusted Data\nCWE-506: Embedded Malicious Code\nCWE-514: Covert Channel\nCWE-521: Weak Password Requirements\nCWE-522: Insufficiently Protected Credentials\nCWE-522: Insufficiently Protected Credentialse\nCWE-523: Unprotected Transport of Credentials\nCWE-524: Use of Cache Containing Sensitive Information\nCWE-525: Use of Web Browser Cache Containing Sensitive Information\nCWE-526: Exposure of Sensitive Information Through Environmental Variables\nCWE-527: Exposure of Version-Control Repository to an Unauthorized Control Sphere\nCWE-530: Exposure of Backup File to an Unauthorized Control Sphere\nCWE-531: Inclusion of Sensitive Information in Test Code\nCWE-532: Information Exposure Through Log Fileshttps://cwe.mitre.org/data/definitions/532.html:\nCWE-532: Insertion of Sensitive Information into Log File\nCWE-537: Java Runtime Error Message Containing Sensitive Information\nCWE-538: Insertion of Sensitive Information into Externally-Accessible File or Directory\nCWE-539: Use of Persistent Cookies Containing Sensitive Information\nCWE-540: Inclusion of Sensitive Information in Source Code\nCWE-543: Use of Singleton Pattern Without Synchronization in a Multithreaded Context\nCWE-544: Missing Standardized Error Handling Mechanism\nCWE-546: Suspicious Comment\nCWE-547: Use of Hard-coded\nCWE-548: Exposure of Information Through Directory Listing\nCWE-550: Server-generated Error Message Containing Sensitive Information\nCWE-552: Files or Directories Accessible to External Parties\nCWE-561: Dead Code\nCWE-563: Assignment to Variable without Use\nCWE-565: Reliance on Cookies without Validation and Integrity Checking\nCWE-570: Expression is Always False\nCWE-571: Expression is Always True\nCWE-589: Call to Non-ubiquitous API\nCWE-598: Use of GET Request Method With Sensitive Query Strings\nCWE-600: Uncaught Exception in Servlet\nCWE-601: URL Redirection to Untrusted Site ('Open Redirect')\nCWE-602: Client-Side Enforcement of Server-Side Security\nCWE-603: Use of Client-Side Authentication\nCWE-610: Externally Controlled Reference to a Resource in Another Sphere\nCWE-611: Improper Restriction of XML External Entity Reference\nCWE-612: Improper Authorization of Index Containing Sensitive Information\nCWE-613: Insufficient Session Expiration\nCWE-614: Sensitive Cookie in HTTPS Session Without 'Secure' Attribute\nCWE-615: Inclusion of Sensitive Information in Source Code Comments\nCWE-617: Reachable Assertion\nCWE-620: Unverified Password Change\nCWE-625: Permissive Regular Expression\nCWE-628: Function Call with Incorrectly Specified Arguments\nCWE-636: Not Failing Securely ('Failing Open')\nCWE-637: Unnecessary Complexity in Protection Mechanism (Not Using 'Economy of Mechanism')\nCWE-639: Authorization Bypass Through User-Controlled Key\nCWE-640: Weak Password Recovery Mechanism for Forgotten Password\nCWE-642: External Control of Critical State Data\nCWE-643: Improper Neutralization of Data within XPath Expressions ('XPath Injection')\nCWE-644: Improper Neutralization of HTTP Headers for Scripting Syntax\nCWE-645: Overly Restrictive Account Lockout Mechanism\nCWE-646: Reliance on File Name or Extension of Externally-Supplied File\nCWE-649: Reliance on Obfuscation or Encryption of Security-Relevant Inputs without Integrity Checking\nCWE-650: Trusting HTTP Permission Methods on the Server Side\nCWE-651: Exposure of WSDL File Containing Sensitive Information\nCWE-653: Improper Isolation or Compartmentalization\nCWE-653: Insufficient Compartmentalization\nCWE-654: Reliance on a Single Factor in a Security Decision\nCWE-657: Violation of Secure Design Principles\nCWE-664: Improper Control of a Resource Through its Lifetime\nCWE-665: Improper Initialization\nCWE-667: Improper Locking\nCWE-668: Exposure of Resource to Wrong Sphere\nCWE-669: Incorrect Resource Transfer Between Spheres\nCWE-671: Lack of Administrator Control over Security\nCWE-672: Operation on a Resource after Expiration or Release\nCWE-673: External Influence of Sphere Definition\nCWE-676: Use of Potentially Dangerous Function\nCWE-680: Integer Overflow to Buffer Overflow\nCWE-682: Incorrect Calculation\nCWE-684: Incorrect Provision of Specified Functionality\nCWE-688: Function Call With Incorrect Variable or Reference as Argument\nCWE-691: Insufficient Control Flow Management\nCWE-692: Incomplete Denylist to Cross-Site Scripting\nCWE-693: Protection Mechanism Failure\nCWE-694: Use of Multiple Resources with Duplicate Identifier\nCWE-695: Use of Low-Level Functionality\nCWE-697: Incorrect Comparison\nCWE-703: Improper Check or Handling of Exceptional Conditions\nCWE-706: Use of Incorrectly-Resolved Name or Reference\nCWE-707: Improper Neutralization\nCWE-708: Incorrect Ownership Assignment\nCWE-710: Improper Adherence to Coding Standards\nCWE-732: Incorrect Permission Assignment for Critical Resource\nCWE-749: Exposed Dangerous Method or Function\nCWE-754: Improper Check for Unusual or Exceptional Conditions\nCWE-755: Improper Handling of Exceptional Conditions\nCWE-756: Missing Custom Error Page\nCWE-757: Selection of Less-Secure Algorithm During Negotiation ('Algorithm Downgrade')\nCWE-757: Selection of Less-Secure Algorithm During Negotiation\nCWE-758: Reliance on Undefined Unspecified or Implementation-Defined Behavior\nCWE-758: Reliance on Undefined\nCWE-760: Use of a One-Way Hash with a Predictable Salt\nCWE-770: Allocation of Resources Without Limits or Throttling\nCWE-772: Missing Release of Resource after Effective Lifetime\nCWE-774: Allocation of File Descriptors or Handles Without Limits or Throttling\nCWE-775: Missing Release of File Descriptor or Handle after Effective Lifetime\nCWE-776: Improper Restriction of Recursive Entity References in DTDs ('XML Entity Expansion')\nCWE-778: Insufficient Logging\nCWE-779: Logging of Excessive Data\nCWE-787: Out-of-bounds Write\nCWE-788: Access of Memory Location After End of Buffer\nCWE-789: Memory Allocation with Excessive Size Value\nCWE-790: Improper Filtering of Special Elements\nCWE-791: Incomplete Filtering of Special Elements\nCWE-792: Incomplete Filtering of One or More Instances of Special Elements\nCWE-798: Use of Hard-coded Credentials\nCWE-798: Use of Hardcoded Credentials\nCWE-799: Improper Control of Interaction Frequency\nCWE-807: Reliance on Untrusted Inputs in a Security Decision\nCWE-822: Untrusted Pointer Dereference\nCWE-823: Use of Out-of-range Pointer Offset\nCWE-825: Expired Pointer Dereference\nCWE-827: Improper Control of Document Type Definition\nCWE-829: Inclusion of Functionality from Untrusted Control Sphere\nCWE-830: Inclusion of Web Functionality from an Untrusted Source\nCWE-834: Excessive Iteration\nCWE-835: Loop with Unreachable Exit Condition ('Infinite Loop')\nCWE-837: Improper Enforcement of a Single\nCWE-838: Inappropriate Encoding for Output Context\nCWE-840: Business Logic Errors\nCWE-841: Improper Enforcement of Behavioral Workflow\nCWE-843: Access of Resource Using Incompatible Type ('Type Confusion')\nCWE-862: Missing Authorization\nCWE-863: Incorrect Authorization\nCWE-908: Use of Uninitialized Resource\nCWE-912: Hidden Functionality\nCWE-913: Improper Control of Dynamically-Managed Code Resources\nCWE-914: Improper Control of Dynamically-Identified Variables\nCWE-915: Improperly Controlled Modification of Dynamically-Determined Object Attributes\nCWE-916: Use of Password Hash With Insufficient Computational Effort\nCWE-917: Improper Neutralization of Special Elements used in an Expression Language Statement ('Expression Language Injection')\nCWE-918: Server-Side Request Forgery (SSRF)\nCWE-920: Improper Restriction of Power Consumption\nCWE-921: Storage of Sensitive Data in a Mechanism without Access Control\nCWE-922: Insecure Storage of Sensitive Information\nCWE-923: Improper Restriction of Communication Channel to Intended Endpoints\nCWE-924: Improper Enforcement of Message Integrity During Transmission in a Communication Channel\nCWE-925: Improper Verification of Intent by Broadcast Receiver\nCWE-926: Improper Export of Android Application Components\nCWE-927: Use of Implicit Intent for Sensitive Communication\nCWE-937: Using Components with Known Vulnerabilities\nCWE-939: Improper Authorization in Handler for Custom URL Scheme\nCWE-940: Improper Verification of Source of a Communication Channel\nCWE-941: Incorrectly Specified Destination in a Communication Channel\nCWE-942: Permissive Cross-domain Policy with Untrusted Domains\nCWE-943: Improper Neutralization of Special Elements in Data Query Logic\nCWE-1004: Sensitive Cookie Without 'HttpOnly' Flag\nCWE-1021: Improper Restriction of Rendered UI Layers or Frames\nCWE-1021: Missing Content Security Policy (CSP)\nCWE-1022: Use of Web Link to Untrusted Target with window.opener Access\nCWE-1038: Insecure Automated Optimizations\nCWE-1041: Use of Redundant Code\nCWE-1044: Architecture with Number of Horizontal Layers Outside of Expected Range\nCWE-1053: Missing Documentation for Design\nCWE-1059: Incomplete Documentation\nCWE-1060: Excessive Number of Inefficient Server-Side Data Accesses\nCWE-1067: Excessive Execution of Sequential Searches of Data Resource\nCWE-1068: Inconsistency Between Implementation and Documented Design\nCWE-1073: Non-SQL Invokable Control Element with Excessive Number of Data Resource Accesses\nCWE-1074: Class with Excessively Deep Inheritance\nCWE-1076: Insufficient Adherence to Expected Conventions\nCWE-1078: Inappropriate Source Code Style or Formatting\nCWE-1088: Synchronous Access of Remote Resource without Timeout\nCWE-1103: Use of Platform-Dependent Third Party Components\nCWE-1104: Use of Unmaintained Third Party Components\nCWE-1113: Inappropriate Comment Style\nCWE-1116: Inaccurate Comments\nCWE-1118: Insufficient Documentation of Error Handling Techniques\nCWE-1125: Excessive Attack Surface\nCWE-1164: Irrelevant Code\nCWE-1173: Improper Use of Validation Framework\nCWE-1177: Use of Prohibited Code\nCWE-1188: Insecure Default Initialization of Resource\nCWE-1189: Improper Isolation of Shared Resources on System-on-a-Chip (SoC)\nCWE-1191: Exposed Chip Debug and Test Interface With Insufficient or Missing Authorization\nCWE-1220: Insufficient Granularity of Access Control\nCWE-1229: Creation of Emergent Resource\nCWE-1230: Exposure of Sensitive Information Through Metadata\nCWE-1234: Hardware Internal or Debug Modes Allow Override of Locks\nCWE-1236: Improper Neutralization of Formula Elements in a CSV File\nCWE-1240: Use of a Risky Cryptographic Primitive\nCWE-1242: Inclusion of Undocumented Features or Chicken Bits\nCWE-1243: Sensitive Non-Volatile Information Not Protected During Debug\nCWE-1244: Improper Access to Sensitive Information Using Debug and Test Interfaces\nCWE-1247: Missing or Improperly Implemented Protection Against Voltage and Clock Glitches\nCWE-1251: Mirrored Regions with Different Values\nCWE-1258: Exposure of Sensitive System Information Due to Uncleared Debug Information\nCWE-1259: Improper Restriction of Security Token Assignment\nCWE-1263: Improper Physical Access Control\nCWE-1268: Policy Privileges are not Assigned Consistently Between Control and Data Agents\nCWE-1269: Product Released in Non-Release Configuration\nCWE-1270: Generation of Incorrect Security Tokens\nCWE-1274: Insufficient Protections on the Volatile Memory Containing Boot Code\nCWE-1275: Sensitive Cookie with Improper SameSite Attribute\nCWE-1282: Assumed-Immutable Data is Stored in Writable Memory\nCWE-1284: Improper Validation of Specified Quantity in Input\nCWE-1285: Improper Validation of Specified Index\nCWE-1286: Improper Validation of Syntactic Correctness of Input\nCWE-1287: Improper Validation of Specified Type of Input\nCWE-1289: Improper Validation of Unsafe Equivalence in Input\nCWE-1294: Insecure Security Identifier Mechanism\nCWE-1295: Debug Messages Revealing Unnecessary Information\nCWE-1300: Improper Protection Against Physical Side Channels\nCWE-1304: Improperly Preserved Integrity of Hardware Configuration State During a Power Save/Restore Operation\nCWE-1321: Improperly Controlled Modification of Object Prototype Attributes ('Prototype Pollution')\nCWE-1326: Missing Immutable Root of Trust in Hardware\nCWE-1327: Binding to an Unrestricted IP Address\nCWE-1328: Security Version Number Mutable to Older Versions\nCWE-1329: Reliance on Component That is Not Updateable\nCWE-1330: Remanent Data Readable after Memory Erase\nCWE-1333: Inefficient Regular Expression Complexity\nCWE-1334: Unauthorized Error Injection Can Degrade Hardware Redundancy\nCWE-1335: Incorrect Bitwise Shift of Integer\nCWE-1336: Improper Neutralization of Special Elements Used in a Template Engine\nCWE-1338: Improper Protections Against Hardware Overheating\nCWE-1357: Reliance on Insufficiently Trustworthy Component\nCWE-1385: Missing Origin Validation in WebSockets\nCWE-1390: Weak Authentication\nCWE-1391: Use of Weak Credentials\nCWE-1392: Use of Default Credentials\nCWE-1394: Use of Default Cryptographic Key\nCWE-1395: Dependency on Vulnerable Third-Party Component\nCWE-1420: Exposure of Sensitive Information during Transient Execution\nCWE-1421: Exposure of Sensitive Information in Shared Microarchitectural Structures during Transient Execution\nCWE-1422: Exposure of Sensitive Information caused by Incorrect Data Forwarding during Transient Execution\nCWE-1423: Exposure of Sensitive Information caused by Shared Microarchitectural Predictor State that Influences Transient Execution\nCWE-1426: Improper Validation of Generative AI Output\nCWE-1427: Improper Neutralization of Input Used for LLM Prompting\nCWE-1428: Reliance on HTTP instead of HTTPS\nCWE-1429: Missing Security-Relevant Feedback for Unexecuted Operations in Hardware Interface\nCWE-1431: Driving Intermediate Cryptographic State/Results to Hardware Module Outputs\nCWE-1434: Insecure Setting of Generative AI/ML Model Inference Parameters\n\nAnalyze the finding and return ONLY the matching CWE string."
}